<?xml version="1.0" encoding="UTF-8"?>
<spirit:component xmlns:xilinx="http://www.xilinx.com" xmlns:spirit="http://www.spiritconsortium.org/XMLSchema/SPIRIT/1685-2009" xmlns:xsi="http://www.w3.org/2001/XMLSchema-instance">
  <spirit:vendor>xilinx.com</spirit:vendor>
  <spirit:library>user</spirit:library>
  <spirit:name>DA2Pmod</spirit:name>
  <spirit:version>1.0</spirit:version>
  <spirit:busInterfaces>
    <spirit:busInterface>
      <spirit:name>S00_AXI</spirit:name>
      <spirit:busType spirit:vendor="xilinx.com" spirit:library="interface" spirit:name="aximm" spirit:version="1.0"/>
      <spirit:abstractionType spirit:vendor="xilinx.com" spirit:library="interface" spirit:name="aximm_rtl" spirit:version="1.0"/>
      <spirit:slave>
        <spirit:memoryMapRef spirit:memoryMapRef="S00_AXI"/>
      </spirit:slave>
      <spirit:portMaps>
        <spirit:portMap>
          <spirit:logicalPort>
            <spirit:name>AWADDR</spirit:name>
          </spirit:logicalPort>
          <spirit:physicalPort>
            <spirit:name>s00_axi_awaddr</spirit:name>
          </spirit:physicalPort>
        </spirit:portMap>
        <spirit:portMap>
          <spirit:logicalPort>
            <spirit:name>AWPROT</spirit:name>
          </spirit:logicalPort>
          <spirit:physicalPort>
            <spirit:name>s00_axi_awprot</spirit:name>
          </spirit:physicalPort>
        </spirit:portMap>
        <spirit:portMap>
          <spirit:logicalPort>
            <spirit:name>AWVALID</spirit:name>
          </spirit:logicalPort>
          <spirit:physicalPort>
            <spirit:name>s00_axi_awvalid</spirit:name>
          </spirit:physicalPort>
        </spirit:portMap>
        <spirit:portMap>
          <spirit:logicalPort>
            <spirit:name>AWREADY</spirit:name>
          </spirit:logicalPort>
          <spirit:physicalPort>
            <spirit:name>s00_axi_awready</spirit:name>
          </spirit:physicalPort>
        </spirit:portMap>
        <spirit:portMap>
          <spirit:logicalPort>
            <spirit:name>WDATA</spirit:name>
          </spirit:logicalPort>
          <spirit:physicalPort>
            <spirit:name>s00_axi_wdata</spirit:name>
          </spirit:physicalPort>
        </spirit:portMap>
        <spirit:portMap>
          <spirit:logicalPort>
            <spirit:name>WSTRB</spirit:name>
          </spirit:logicalPort>
          <spirit:physicalPort>
            <spirit:name>s00_axi_wstrb</spirit:name>
          </spirit:physicalPort>
        </spirit:portMap>
        <spirit:portMap>
          <spirit:logicalPort>
            <spirit:name>WVALID</spirit:name>
          </spirit:logicalPort>
          <spirit:physicalPort>
            <spirit:name>s00_axi_wvalid</spirit:name>
          </spirit:physicalPort>
        </spirit:portMap>
        <spirit:portMap>
          <spirit:logicalPort>
            <spirit:name>WREADY</spirit:name>
          </spirit:logicalPort>
          <spirit:physicalPort>
            <spirit:name>s00_axi_wready</spirit:name>
          </spirit:physicalPort>
        </spirit:portMap>
        <spirit:portMap>
          <spirit:logicalPort>
            <spirit:name>BRESP</spirit:name>
          </spirit:logicalPort>
          <spirit:physicalPort>
            <spirit:name>s00_axi_bresp</spirit:name>
          </spirit:physicalPort>
        </spirit:portMap>
        <spirit:portMap>
          <spirit:logicalPort>
            <spirit:name>BVALID</spirit:name>
          </spirit:logicalPort>
          <spirit:physicalPort>
            <spirit:name>s00_axi_bvalid</spirit:name>
          </spirit:physicalPort>
        </spirit:portMap>
        <spirit:portMap>
          <spirit:logicalPort>
            <spirit:name>BREADY</spirit:name>
          </spirit:logicalPort>
          <spirit:physicalPort>
            <spirit:name>s00_axi_bready</spirit:name>
          </spirit:physicalPort>
        </spirit:portMap>
        <spirit:portMap>
          <spirit:logicalPort>
            <spirit:name>ARADDR</spirit:name>
          </spirit:logicalPort>
          <spirit:physicalPort>
            <spirit:name>s00_axi_araddr</spirit:name>
          </spirit:physicalPort>
        </spirit:portMap>
        <spirit:portMap>
          <spirit:logicalPort>
            <spirit:name>ARPROT</spirit:name>
          </spirit:logicalPort>
          <spirit:physicalPort>
            <spirit:name>s00_axi_arprot</spirit:name>
          </spirit:physicalPort>
        </spirit:portMap>
        <spirit:portMap>
          <spirit:logicalPort>
            <spirit:name>ARVALID</spirit:name>
          </spirit:logicalPort>
          <spirit:physicalPort>
            <spirit:name>s00_axi_arvalid</spirit:name>
          </spirit:physicalPort>
        </spirit:portMap>
        <spirit:portMap>
          <spirit:logicalPort>
            <spirit:name>ARREADY</spirit:name>
          </spirit:logicalPort>
          <spirit:physicalPort>
            <spirit:name>s00_axi_arready</spirit:name>
          </spirit:physicalPort>
        </spirit:portMap>
        <spirit:portMap>
          <spirit:logicalPort>
            <spirit:name>RDATA</spirit:name>
          </spirit:logicalPort>
          <spirit:physicalPort>
            <spirit:name>s00_axi_rdata</spirit:name>
          </spirit:physicalPort>
        </spirit:portMap>
        <spirit:portMap>
          <spirit:logicalPort>
            <spirit:name>RRESP</spirit:name>
          </spirit:logicalPort>
          <spirit:physicalPort>
            <spirit:name>s00_axi_rresp</spirit:name>
          </spirit:physicalPort>
        </spirit:portMap>
        <spirit:portMap>
          <spirit:logicalPort>
            <spirit:name>RVALID</spirit:name>
          </spirit:logicalPort>
          <spirit:physicalPort>
            <spirit:name>s00_axi_rvalid</spirit:name>
          </spirit:physicalPort>
        </spirit:portMap>
        <spirit:portMap>
          <spirit:logicalPort>
            <spirit:name>RREADY</spirit:name>
          </spirit:logicalPort>
          <spirit:physicalPort>
            <spirit:name>s00_axi_rready</spirit:name>
          </spirit:physicalPort>
        </spirit:portMap>
      </spirit:portMaps>
      <spirit:parameters>
        <spirit:parameter>
          <spirit:name>WIZ_DATA_WIDTH</spirit:name>
          <spirit:value spirit:format="long" spirit:id="BUSIFPARAM_VALUE.S00_AXI.WIZ_DATA_WIDTH" spirit:choiceRef="choice_list_6fc15197">32</spirit:value>
        </spirit:parameter>
        <spirit:parameter>
          <spirit:name>WIZ_NUM_REG</spirit:name>
          <spirit:value spirit:format="long" spirit:id="BUSIFPARAM_VALUE.S00_AXI.WIZ_NUM_REG" spirit:minimum="4" spirit:maximum="512" spirit:rangeType="long">4</spirit:value>
        </spirit:parameter>
        <spirit:parameter>
          <spirit:name>SUPPORTS_NARROW_BURST</spirit:name>
          <spirit:value spirit:format="long" spirit:id="BUSIFPARAM_VALUE.S00_AXI.SUPPORTS_NARROW_BURST" spirit:choiceRef="choice_pairs_ce1226b1">0</spirit:value>
        </spirit:parameter>
      </spirit:parameters>
    </spirit:busInterface>
    <spirit:busInterface>
      <spirit:name>S00_AXI_RST</spirit:name>
      <spirit:busType spirit:vendor="xilinx.com" spirit:library="signal" spirit:name="reset" spirit:version="1.0"/>
      <spirit:abstractionType spirit:vendor="xilinx.com" spirit:library="signal" spirit:name="reset_rtl" spirit:version="1.0"/>
      <spirit:slave/>
      <spirit:portMaps>
        <spirit:portMap>
          <spirit:logicalPort>
            <spirit:name>RST</spirit:name>
          </spirit:logicalPort>
          <spirit:physicalPort>
            <spirit:name>s00_axi_aresetn</spirit:name>
          </spirit:physicalPort>
        </spirit:portMap>
      </spirit:portMaps>
      <spirit:parameters>
        <spirit:parameter>
          <spirit:name>POLARITY</spirit:name>
          <spirit:value spirit:id="BUSIFPARAM_VALUE.S00_AXI_RST.POLARITY" spirit:choiceRef="choice_list_9d8b0d81">ACTIVE_LOW</spirit:value>
        </spirit:parameter>
      </spirit:parameters>
    </spirit:busInterface>
    <spirit:busInterface>
      <spirit:name>S00_AXI_CLK</spirit:name>
      <spirit:busType spirit:vendor="xilinx.com" spirit:library="signal" spirit:name="clock" spirit:version="1.0"/>
      <spirit:abstractionType spirit:vendor="xilinx.com" spirit:library="signal" spirit:name="clock_rtl" spirit:version="1.0"/>
      <spirit:slave/>
      <spirit:portMaps>
        <spirit:portMap>
          <spirit:logicalPort>
            <spirit:name>CLK</spirit:name>
          </spirit:logicalPort>
          <spirit:physicalPort>
            <spirit:name>s00_axi_aclk</spirit:name>
          </spirit:physicalPort>
        </spirit:portMap>
      </spirit:portMaps>
      <spirit:parameters>
        <spirit:parameter>
          <spirit:name>ASSOCIATED_BUSIF</spirit:name>
          <spirit:value spirit:id="BUSIFPARAM_VALUE.S00_AXI_CLK.ASSOCIATED_BUSIF">S00_AXI</spirit:value>
        </spirit:parameter>
        <spirit:parameter>
          <spirit:name>ASSOCIATED_RESET</spirit:name>
          <spirit:value spirit:id="BUSIFPARAM_VALUE.S00_AXI_CLK.ASSOCIATED_RESET">s00_axi_aresetn</spirit:value>
        </spirit:parameter>
      </spirit:parameters>
    </spirit:busInterface>
  </spirit:busInterfaces>
  <spirit:memoryMaps>
    <spirit:memoryMap>
      <spirit:name>S00_AXI</spirit:name>
      <spirit:addressBlock>
        <spirit:name>S00_AXI_reg</spirit:name>
        <spirit:baseAddress spirit:format="long" spirit:resolve="user">0</spirit:baseAddress>
        <spirit:range spirit:format="long">4096</spirit:range>
        <spirit:width spirit:format="long">32</spirit:width>
        <spirit:usage>register</spirit:usage>
        <spirit:parameters>
          <spirit:parameter>
            <spirit:name>OFFSET_BASE_PARAM</spirit:name>
            <spirit:value spirit:id="ADDRBLOCKPARAM_VALUE.S00_AXI.S00_AXI_REG.OFFSET_BASE_PARAM">C_S00_AXI_BASEADDR</spirit:value>
          </spirit:parameter>
          <spirit:parameter>
            <spirit:name>OFFSET_HIGH_PARAM</spirit:name>
            <spirit:value spirit:id="ADDRBLOCKPARAM_VALUE.S00_AXI.S00_AXI_REG.OFFSET_HIGH_PARAM">C_S00_AXI_HIGHADDR</spirit:value>
          </spirit:parameter>
        </spirit:parameters>
      </spirit:addressBlock>
    </spirit:memoryMap>
  </spirit:memoryMaps>
  <spirit:model>
    <spirit:views>
      <spirit:view>
        <spirit:name>xilinx_verilogsynthesis</spirit:name>
        <spirit:displayName>Verilog Synthesis</spirit:displayName>
        <spirit:envIdentifier>verilogSource:vivado.xilinx.com:synthesis</spirit:envIdentifier>
        <spirit:language>verilog</spirit:language>
        <spirit:modelName>DA2Pmod_v1_0</spirit:modelName>
        <spirit:fileSetRef>
          <spirit:localName>xilinx_verilogsynthesis_view_fileset</spirit:localName>
        </spirit:fileSetRef>
        <spirit:parameters>
          <spirit:parameter>
            <spirit:name>viewChecksum</spirit:name>
            <spirit:value>d4876fe1</spirit:value>
          </spirit:parameter>
        </spirit:parameters>
      </spirit:view>
      <spirit:view>
        <spirit:name>xilinx_verilogbehavioralsimulation</spirit:name>
        <spirit:displayName>Verilog Simulation</spirit:displayName>
        <spirit:envIdentifier>verilogSource:vivado.xilinx.com:simulation</spirit:envIdentifier>
        <spirit:language>verilog</spirit:language>
        <spirit:modelName>DA2Pmod_v1_0</spirit:modelName>
        <spirit:fileSetRef>
          <spirit:localName>xilinx_verilogbehavioralsimulation_view_fileset</spirit:localName>
        </spirit:fileSetRef>
        <spirit:parameters>
          <spirit:parameter>
            <spirit:name>viewChecksum</spirit:name>
            <spirit:value>d4876fe1</spirit:value>
          </spirit:parameter>
        </spirit:parameters>
      </spirit:view>
      <spirit:view>
        <spirit:name>xilinx_softwaredriver</spirit:name>
        <spirit:displayName>Software Driver</spirit:displayName>
        <spirit:envIdentifier>:vivado.xilinx.com:sw.driver</spirit:envIdentifier>
        <spirit:fileSetRef>
          <spirit:localName>xilinx_softwaredriver_view_fileset</spirit:localName>
        </spirit:fileSetRef>
        <spirit:parameters>
          <spirit:parameter>
            <spirit:name>viewChecksum</spirit:name>
            <spirit:value>b956419d</spirit:value>
          </spirit:parameter>
        </spirit:parameters>
      </spirit:view>
      <spirit:view>
        <spirit:name>xilinx_xpgui</spirit:name>
        <spirit:displayName>UI Layout</spirit:displayName>
        <spirit:envIdentifier>:vivado.xilinx.com:xgui.ui</spirit:envIdentifier>
        <spirit:fileSetRef>
          <spirit:localName>xilinx_xpgui_view_fileset</spirit:localName>
        </spirit:fileSetRef>
        <spirit:parameters>
          <spirit:parameter>
            <spirit:name>viewChecksum</spirit:name>
            <spirit:value>dda4df14</spirit:value>
          </spirit:parameter>
        </spirit:parameters>
      </spirit:view>
      <spirit:view>
        <spirit:name>bd_tcl</spirit:name>
        <spirit:displayName>Block Diagram</spirit:displayName>
        <spirit:envIdentifier>:vivado.xilinx.com:block.diagram</spirit:envIdentifier>
        <spirit:fileSetRef>
          <spirit:localName>bd_tcl_view_fileset</spirit:localName>
        </spirit:fileSetRef>
        <spirit:parameters>
          <spirit:parameter>
            <spirit:name>viewChecksum</spirit:name>
            <spirit:value>16328387</spirit:value>
          </spirit:parameter>
        </spirit:parameters>
      </spirit:view>
    </spirit:views>
    <spirit:ports>
      <spirit:port>
        <spirit:name>DA2sync</spirit:name>
        <spirit:wire>
          <spirit:direction>out</spirit:direction>
          <spirit:wireTypeDefs>
            <spirit:wireTypeDef>
              <spirit:typeName>wire</spirit:typeName>
              <spirit:viewNameRef>xilinx_verilogsynthesis</spirit:viewNameRef>
              <spirit:viewNameRef>xilinx_verilogbehavioralsimulation</spirit:viewNameRef>
            </spirit:wireTypeDef>
          </spirit:wireTypeDefs>
        </spirit:wire>
      </spirit:port>
      <spirit:port>
        <spirit:name>DA2dat1</spirit:name>
        <spirit:wire>
          <spirit:direction>out</spirit:direction>
          <spirit:wireTypeDefs>
            <spirit:wireTypeDef>
              <spirit:typeName>wire</spirit:typeName>
              <spirit:viewNameRef>xilinx_verilogsynthesis</spirit:viewNameRef>
              <spirit:viewNameRef>xilinx_verilogbehavioralsimulation</spirit:viewNameRef>
            </spirit:wireTypeDef>
          </spirit:wireTypeDefs>
        </spirit:wire>
      </spirit:port>
      <spirit:port>
        <spirit:name>DA2dat2</spirit:name>
        <spirit:wire>
          <spirit:direction>out</spirit:direction>
          <spirit:wireTypeDefs>
            <spirit:wireTypeDef>
              <spirit:typeName>wire</spirit:typeName>
              <spirit:viewNameRef>xilinx_verilogsynthesis</spirit:viewNameRef>
              <spirit:viewNameRef>xilinx_verilogbehavioralsimulation</spirit:viewNameRef>
            </spirit:wireTypeDef>
          </spirit:wireTypeDefs>
        </spirit:wire>
      </spirit:port>
      <spirit:port>
        <spirit:name>DA2sclk</spirit:name>
        <spirit:wire>
          <spirit:direction>out</spirit:direction>
          <spirit:wireTypeDefs>
            <spirit:wireTypeDef>
              <spirit:typeName>wire</spirit:typeName>
              <spirit:viewNameRef>xilinx_verilogsynthesis</spirit:viewNameRef>
              <spirit:viewNameRef>xilinx_verilogbehavioralsimulation</spirit:viewNameRef>
            </spirit:wireTypeDef>
          </spirit:wireTypeDefs>
        </spirit:wire>
      </spirit:port>
      <spirit:port>
        <spirit:name>DA2clk</spirit:name>
        <spirit:wire>
          <spirit:direction>in</spirit:direction>
          <spirit:wireTypeDefs>
            <spirit:wireTypeDef>
              <spirit:typeName>wire</spirit:typeName>
              <spirit:viewNameRef>xilinx_verilogsynthesis</spirit:viewNameRef>
              <spirit:viewNameRef>xilinx_verilogbehavioralsimulation</spirit:viewNameRef>
            </spirit:wireTypeDef>
          </spirit:wireTypeDefs>
        </spirit:wire>
      </spirit:port>
      <spirit:port>
        <spirit:name>s00_axi_awaddr</spirit:name>
        <spirit:wire>
          <spirit:direction>in</spirit:direction>
          <spirit:vector>
            <spirit:left spirit:format="long" spirit:resolve="dependent" spirit:dependency="(spirit:decode(id(&apos;MODELPARAM_VALUE.C_S00_AXI_ADDR_WIDTH&apos;)) - 1)">3</spirit:left>
            <spirit:right spirit:format="long">0</spirit:right>
          </spirit:vector>
          <spirit:wireTypeDefs>
            <spirit:wireTypeDef>
              <spirit:typeName>wire</spirit:typeName>
              <spirit:viewNameRef>xilinx_verilogsynthesis</spirit:viewNameRef>
              <spirit:viewNameRef>xilinx_verilogbehavioralsimulation</spirit:viewNameRef>
            </spirit:wireTypeDef>
          </spirit:wireTypeDefs>
        </spirit:wire>
      </spirit:port>
      <spirit:port>
        <spirit:name>s00_axi_awprot</spirit:name>
        <spirit:wire>
          <spirit:direction>in</spirit:direction>
          <spirit:vector>
            <spirit:left spirit:format="long">2</spirit:left>
            <spirit:right spirit:format="long">0</spirit:right>
          </spirit:vector>
          <spirit:wireTypeDefs>
            <spirit:wireTypeDef>
              <spirit:typeName>wire</spirit:typeName>
              <spirit:viewNameRef>xilinx_verilogsynthesis</spirit:viewNameRef>
              <spirit:viewNameRef>xilinx_verilogbehavioralsimulation</spirit:viewNameRef>
            </spirit:wireTypeDef>
          </spirit:wireTypeDefs>
        </spirit:wire>
      </spirit:port>
      <spirit:port>
        <spirit:name>s00_axi_awvalid</spirit:name>
        <spirit:wire>
          <spirit:direction>in</spirit:direction>
          <spirit:wireTypeDefs>
            <spirit:wireTypeDef>
              <spirit:typeName>wire</spirit:typeName>
              <spirit:viewNameRef>xilinx_verilogsynthesis</spirit:viewNameRef>
              <spirit:viewNameRef>xilinx_verilogbehavioralsimulation</spirit:viewNameRef>
            </spirit:wireTypeDef>
          </spirit:wireTypeDefs>
        </spirit:wire>
      </spirit:port>
      <spirit:port>
        <spirit:name>s00_axi_awready</spirit:name>
        <spirit:wire>
          <spirit:direction>out</spirit:direction>
          <spirit:wireTypeDefs>
            <spirit:wireTypeDef>
              <spirit:typeName>wire</spirit:typeName>
              <spirit:viewNameRef>xilinx_verilogsynthesis</spirit:viewNameRef>
              <spirit:viewNameRef>xilinx_verilogbehavioralsimulation</spirit:viewNameRef>
            </spirit:wireTypeDef>
          </spirit:wireTypeDefs>
        </spirit:wire>
      </spirit:port>
      <spirit:port>
        <spirit:name>s00_axi_wdata</spirit:name>
        <spirit:wire>
          <spirit:direction>in</spirit:direction>
          <spirit:vector>
            <spirit:left spirit:format="long" spirit:resolve="dependent" spirit:dependency="(spirit:decode(id(&apos;MODELPARAM_VALUE.C_S00_AXI_DATA_WIDTH&apos;)) - 1)">31</spirit:left>
            <spirit:right spirit:format="long">0</spirit:right>
          </spirit:vector>
          <spirit:wireTypeDefs>
            <spirit:wireTypeDef>
              <spirit:typeName>wire</spirit:typeName>
              <spirit:viewNameRef>xilinx_verilogsynthesis</spirit:viewNameRef>
              <spirit:viewNameRef>xilinx_verilogbehavioralsimulation</spirit:viewNameRef>
            </spirit:wireTypeDef>
          </spirit:wireTypeDefs>
        </spirit:wire>
      </spirit:port>
      <spirit:port>
        <spirit:name>s00_axi_wstrb</spirit:name>
        <spirit:wire>
          <spirit:direction>in</spirit:direction>
          <spirit:vector>
            <spirit:left spirit:format="long" spirit:resolve="dependent" spirit:dependency="((spirit:decode(id(&apos;MODELPARAM_VALUE.C_S00_AXI_DATA_WIDTH&apos;)) / 8) - 1)">3</spirit:left>
            <spirit:right spirit:format="long">0</spirit:right>
          </spirit:vector>
          <spirit:wireTypeDefs>
            <spirit:wireTypeDef>
              <spirit:typeName>wire</spirit:typeName>
              <spirit:viewNameRef>xilinx_verilogsynthesis</spirit:viewNameRef>
              <spirit:viewNameRef>xilinx_verilogbehavioralsimulation</spirit:viewNameRef>
            </spirit:wireTypeDef>
          </spirit:wireTypeDefs>
        </spirit:wire>
      </spirit:port>
      <spirit:port>
        <spirit:name>s00_axi_wvalid</spirit:name>
        <spirit:wire>
          <spirit:direction>in</spirit:direction>
          <spirit:wireTypeDefs>
            <spirit:wireTypeDef>
              <spirit:typeName>wire</spirit:typeName>
              <spirit:viewNameRef>xilinx_verilogsynthesis</spirit:viewNameRef>
              <spirit:viewNameRef>xilinx_verilogbehavioralsimulation</spirit:viewNameRef>
            </spirit:wireTypeDef>
          </spirit:wireTypeDefs>
        </spirit:wire>
      </spirit:port>
      <spirit:port>
        <spirit:name>s00_axi_wready</spirit:name>
        <spirit:wire>
          <spirit:direction>out</spirit:direction>
          <spirit:wireTypeDefs>
            <spirit:wireTypeDef>
              <spirit:typeName>wire</spirit:typeName>
              <spirit:viewNameRef>xilinx_verilogsynthesis</spirit:viewNameRef>
              <spirit:viewNameRef>xilinx_verilogbehavioralsimulation</spirit:viewNameRef>
            </spirit:wireTypeDef>
          </spirit:wireTypeDefs>
        </spirit:wire>
      </spirit:port>
      <spirit:port>
        <spirit:name>s00_axi_bresp</spirit:name>
        <spirit:wire>
          <spirit:direction>out</spirit:direction>
          <spirit:vector>
            <spirit:left spirit:format="long">1</spirit:left>
            <spirit:right spirit:format="long">0</spirit:right>
          </spirit:vector>
          <spirit:wireTypeDefs>
            <spirit:wireTypeDef>
              <spirit:typeName>wire</spirit:typeName>
              <spirit:viewNameRef>xilinx_verilogsynthesis</spirit:viewNameRef>
              <spirit:viewNameRef>xilinx_verilogbehavioralsimulation</spirit:viewNameRef>
            </spirit:wireTypeDef>
          </spirit:wireTypeDefs>
        </spirit:wire>
      </spirit:port>
      <spirit:port>
        <spirit:name>s00_axi_bvalid</spirit:name>
        <spirit:wire>
          <spirit:direction>out</spirit:direction>
          <spirit:wireTypeDefs>
            <spirit:wireTypeDef>
              <spirit:typeName>wire</spirit:typeName>
              <spirit:viewNameRef>xilinx_verilogsynthesis</spirit:viewNameRef>
              <spirit:viewNameRef>xilinx_verilogbehavioralsimulation</spirit:viewNameRef>
            </spirit:wireTypeDef>
          </spirit:wireTypeDefs>
        </spirit:wire>
      </spirit:port>
      <spirit:port>
        <spirit:name>s00_axi_bready</spirit:name>
        <spirit:wire>
          <spirit:direction>in</spirit:direction>
          <spirit:wireTypeDefs>
            <spirit:wireTypeDef>
              <spirit:typeName>wire</spirit:typeName>
              <spirit:viewNameRef>xilinx_verilogsynthesis</spirit:viewNameRef>
              <spirit:viewNameRef>xilinx_verilogbehavioralsimulation</spirit:viewNameRef>
            </spirit:wireTypeDef>
          </spirit:wireTypeDefs>
        </spirit:wire>
      </spirit:port>
      <spirit:port>
        <spirit:name>s00_axi_araddr</spirit:name>
        <spirit:wire>
          <spirit:direction>in</spirit:direction>
          <spirit:vector>
            <spirit:left spirit:format="long" spirit:resolve="dependent" spirit:dependency="(spirit:decode(id(&apos;MODELPARAM_VALUE.C_S00_AXI_ADDR_WIDTH&apos;)) - 1)">3</spirit:left>
            <spirit:right spirit:format="long">0</spirit:right>
          </spirit:vector>
          <spirit:wireTypeDefs>
            <spirit:wireTypeDef>
              <spirit:typeName>wire</spirit:typeName>
              <spirit:viewNameRef>xilinx_verilogsynthesis</spirit:viewNameRef>
              <spirit:viewNameRef>xilinx_verilogbehavioralsimulation</spirit:viewNameRef>
            </spirit:wireTypeDef>
          </spirit:wireTypeDefs>
        </spirit:wire>
      </spirit:port>
      <spirit:port>
        <spirit:name>s00_axi_arprot</spirit:name>
        <spirit:wire>
          <spirit:direction>in</spirit:direction>
          <spirit:vector>
            <spirit:left spirit:format="long">2</spirit:left>
            <spirit:right spirit:format="long">0</spirit:right>
          </spirit:vector>
          <spirit:wireTypeDefs>
            <spirit:wireTypeDef>
              <spirit:typeName>wire</spirit:typeName>
              <spirit:viewNameRef>xilinx_verilogsynthesis</spirit:viewNameRef>
              <spirit:viewNameRef>xilinx_verilogbehavioralsimulation</spirit:viewNameRef>
            </spirit:wireTypeDef>
          </spirit:wireTypeDefs>
        </spirit:wire>
      </spirit:port>
      <spirit:port>
        <spirit:name>s00_axi_arvalid</spirit:name>
        <spirit:wire>
          <spirit:direction>in</spirit:direction>
          <spirit:wireTypeDefs>
            <spirit:wireTypeDef>
              <spirit:typeName>wire</spirit:typeName>
              <spirit:viewNameRef>xilinx_verilogsynthesis</spirit:viewNameRef>
              <spirit:viewNameRef>xilinx_verilogbehavioralsimulation</spirit:viewNameRef>
            </spirit:wireTypeDef>
          </spirit:wireTypeDefs>
        </spirit:wire>
      </spirit:port>
      <spirit:port>
        <spirit:name>s00_axi_arready</spirit:name>
        <spirit:wire>
          <spirit:direction>out</spirit:direction>
          <spirit:wireTypeDefs>
            <spirit:wireTypeDef>
              <spirit:typeName>wire</spirit:typeName>
              <spirit:viewNameRef>xilinx_verilogsynthesis</spirit:viewNameRef>
              <spirit:viewNameRef>xilinx_verilogbehavioralsimulation</spirit:viewNameRef>
            </spirit:wireTypeDef>
          </spirit:wireTypeDefs>
        </spirit:wire>
      </spirit:port>
      <spirit:port>
        <spirit:name>s00_axi_rdata</spirit:name>
        <spirit:wire>
          <spirit:direction>out</spirit:direction>
          <spirit:vector>
            <spirit:left spirit:format="long" spirit:resolve="dependent" spirit:dependency="(spirit:decode(id(&apos;MODELPARAM_VALUE.C_S00_AXI_DATA_WIDTH&apos;)) - 1)">31</spirit:left>
            <spirit:right spirit:format="long">0</spirit:right>
          </spirit:vector>
          <spirit:wireTypeDefs>
            <spirit:wireTypeDef>
              <spirit:typeName>wire</spirit:typeName>
              <spirit:viewNameRef>xilinx_verilogsynthesis</spirit:viewNameRef>
              <spirit:viewNameRef>xilinx_verilogbehavioralsimulation</spirit:viewNameRef>
            </spirit:wireTypeDef>
          </spirit:wireTypeDefs>
        </spirit:wire>
      </spirit:port>
      <spirit:port>
        <spirit:name>s00_axi_rresp</spirit:name>
        <spirit:wire>
          <spirit:direction>out</spirit:direction>
          <spirit:vector>
            <spirit:left spirit:format="long">1</spirit:left>
            <spirit:right spirit:format="long">0</spirit:right>
          </spirit:vector>
          <spirit:wireTypeDefs>
            <spirit:wireTypeDef>
              <spirit:typeName>wire</spirit:typeName>
              <spirit:viewNameRef>xilinx_verilogsynthesis</spirit:viewNameRef>
              <spirit:viewNameRef>xilinx_verilogbehavioralsimulation</spirit:viewNameRef>
            </spirit:wireTypeDef>
          </spirit:wireTypeDefs>
        </spirit:wire>
      </spirit:port>
      <spirit:port>
        <spirit:name>s00_axi_rvalid</spirit:name>
        <spirit:wire>
          <spirit:direction>out</spirit:direction>
          <spirit:wireTypeDefs>
            <spirit:wireTypeDef>
              <spirit:typeName>wire</spirit:typeName>
              <spirit:viewNameRef>xilinx_verilogsynthesis</spirit:viewNameRef>
              <spirit:viewNameRef>xilinx_verilogbehavioralsimulation</spirit:viewNameRef>
            </spirit:wireTypeDef>
          </spirit:wireTypeDefs>
        </spirit:wire>
      </spirit:port>
      <spirit:port>
        <spirit:name>s00_axi_rready</spirit:name>
        <spirit:wire>
          <spirit:direction>in</spirit:direction>
          <spirit:wireTypeDefs>
            <spirit:wireTypeDef>
              <spirit:typeName>wire</spirit:typeName>
              <spirit:viewNameRef>xilinx_verilogsynthesis</spirit:viewNameRef>
              <spirit:viewNameRef>xilinx_verilogbehavioralsimulation</spirit:viewNameRef>
            </spirit:wireTypeDef>
          </spirit:wireTypeDefs>
        </spirit:wire>
      </spirit:port>
      <spirit:port>
        <spirit:name>s00_axi_aclk</spirit:name>
        <spirit:wire>
          <spirit:direction>in</spirit:direction>
          <spirit:wireTypeDefs>
            <spirit:wireTypeDef>
              <spirit:typeName>wire</spirit:typeName>
              <spirit:viewNameRef>xilinx_verilogsynthesis</spirit:viewNameRef>
              <spirit:viewNameRef>xilinx_verilogbehavioralsimulation</spirit:viewNameRef>
            </spirit:wireTypeDef>
          </spirit:wireTypeDefs>
        </spirit:wire>
      </spirit:port>
      <spirit:port>
        <spirit:name>s00_axi_aresetn</spirit:name>
        <spirit:wire>
          <spirit:direction>in</spirit:direction>
          <spirit:wireTypeDefs>
            <spirit:wireTypeDef>
              <spirit:typeName>wire</spirit:typeName>
              <spirit:viewNameRef>xilinx_verilogsynthesis</spirit:viewNameRef>
              <spirit:viewNameRef>xilinx_verilogbehavioralsimulation</spirit:viewNameRef>
            </spirit:wireTypeDef>
          </spirit:wireTypeDefs>
        </spirit:wire>
      </spirit:port>
    </spirit:ports>
    <spirit:modelParameters>
      <spirit:modelParameter xsi:type="spirit:nameValueTypeType" spirit:dataType="integer">
        <spirit:name>C_S00_AXI_DATA_WIDTH</spirit:name>
        <spirit:displayName>C S00 AXI DATA WIDTH</spirit:displayName>
        <spirit:description>Width of S_AXI data bus</spirit:description>
        <spirit:value spirit:format="long" spirit:resolve="generated" spirit:id="MODELPARAM_VALUE.C_S00_AXI_DATA_WIDTH" spirit:order="3" spirit:rangeType="long">32</spirit:value>
      </spirit:modelParameter>
      <spirit:modelParameter spirit:dataType="integer">
        <spirit:name>C_S00_AXI_ADDR_WIDTH</spirit:name>
        <spirit:displayName>C S00 AXI ADDR WIDTH</spirit:displayName>
        <spirit:description>Width of S_AXI address bus</spirit:description>
        <spirit:value spirit:format="long" spirit:resolve="generated" spirit:id="MODELPARAM_VALUE.C_S00_AXI_ADDR_WIDTH" spirit:order="4" spirit:rangeType="long">4</spirit:value>
      </spirit:modelParameter>
    </spirit:modelParameters>
  </spirit:model>
  <spirit:choices>
    <spirit:choice>
      <spirit:name>choice_list_6fc15197</spirit:name>
      <spirit:enumeration>32</spirit:enumeration>
    </spirit:choice>
    <spirit:choice>
      <spirit:name>choice_list_9d8b0d81</spirit:name>
      <spirit:enumeration>ACTIVE_HIGH</spirit:enumeration>
      <spirit:enumeration>ACTIVE_LOW</spirit:enumeration>
    </spirit:choice>
    <spirit:choice>
      <spirit:name>choice_pairs_ce1226b1</spirit:name>
      <spirit:enumeration spirit:text="true">1</spirit:enumeration>
      <spirit:enumeration spirit:text="false">0</spirit:enumeration>
    </spirit:choice>
  </spirit:choices>
  <spirit:fileSets>
    <spirit:fileSet>
      <spirit:name>xilinx_verilogsynthesis_view_fileset</spirit:name>
      <spirit:file>
        <spirit:name>hdl/DA2Pmod_v1_0_S00_AXI.v</spirit:name>
        <spirit:fileType>verilogSource</spirit:fileType>
      </spirit:file>
      <spirit:file>
        <spirit:name>hdl/DA2Pmod_v1_0.v</spirit:name>
        <spirit:fileType>verilogSource</spirit:fileType>
        <spirit:userFileType>CHECKSUM_101e127a</spirit:userFileType>
      </spirit:file>
    </spirit:fileSet>
    <spirit:fileSet>
      <spirit:name>xilinx_verilogbehavioralsimulation_view_fileset</spirit:name>
      <spirit:file>
        <spirit:name>hdl/DA2Pmod_v1_0_S00_AXI.v</spirit:name>
        <spirit:fileType>verilogSource</spirit:fileType>
      </spirit:file>
      <spirit:file>
        <spirit:name>hdl/DA2Pmod_v1_0.v</spirit:name>
        <spirit:fileType>verilogSource</spirit:fileType>
      </spirit:file>
    </spirit:fileSet>
    <spirit:fileSet>
      <spirit:name>xilinx_softwaredriver_view_fileset</spirit:name>
      <spirit:file>
        <spirit:name>drivers/DA2Pmod_v1_0/data/DA2Pmod.mdd</spirit:name>
        <spirit:userFileType>mdd</spirit:userFileType>
        <spirit:userFileType>driver_mdd</spirit:userFileType>
      </spirit:file>
      <spirit:file>
        <spirit:name>drivers/DA2Pmod_v1_0/data/DA2Pmod.tcl</spirit:name>
        <spirit:fileType>tclSource</spirit:fileType>
        <spirit:userFileType>driver_tcl</spirit:userFileType>
      </spirit:file>
      <spirit:file>
        <spirit:name>drivers/DA2Pmod_v1_0/src/Makefile</spirit:name>
        <spirit:userFileType>driver_src</spirit:userFileType>
      </spirit:file>
      <spirit:file>
        <spirit:name>drivers/DA2Pmod_v1_0/src/DA2Pmod.h</spirit:name>
        <spirit:fileType>cSource</spirit:fileType>
        <spirit:userFileType>driver_src</spirit:userFileType>
      </spirit:file>
      <spirit:file>
        <spirit:name>drivers/DA2Pmod_v1_0/src/DA2Pmod.c</spirit:name>
        <spirit:fileType>cSource</spirit:fileType>
        <spirit:userFileType>driver_src</spirit:userFileType>
      </spirit:file>
      <spirit:file>
        <spirit:name>drivers/DA2Pmod_v1_0/src/DA2Pmod_selftest.c</spirit:name>
        <spirit:fileType>cSource</spirit:fileType>
        <spirit:userFileType>driver_src</spirit:userFileType>
      </spirit:file>
    </spirit:fileSet>
    <spirit:fileSet>
      <spirit:name>xilinx_xpgui_view_fileset</spirit:name>
      <spirit:file>
        <spirit:name>xgui/DA2Pmod_v1_0.tcl</spirit:name>
        <spirit:fileType>tclSource</spirit:fileType>
        <spirit:userFileType>CHECKSUM_dda4df14</spirit:userFileType>
        <spirit:userFileType>XGUI_VERSION_2</spirit:userFileType>
      </spirit:file>
    </spirit:fileSet>
    <spirit:fileSet>
      <spirit:name>bd_tcl_view_fileset</spirit:name>
      <spirit:file>
        <spirit:name>bd/bd.tcl</spirit:name>
        <spirit:fileType>tclSource</spirit:fileType>
      </spirit:file>
    </spirit:fileSet>
  </spirit:fileSets>
  <spirit:description>DA2Pmod</spirit:description>
  <spirit:parameters>
    <spirit:parameter>
      <spirit:name>C_S00_AXI_DATA_WIDTH</spirit:name>
      <spirit:displayName>C S00 AXI DATA WIDTH</spirit:displayName>
      <spirit:description>Width of S_AXI data bus</spirit:description>
      <spirit:value spirit:format="long" spirit:resolve="user" spirit:id="PARAM_VALUE.C_S00_AXI_DATA_WIDTH" spirit:choiceRef="choice_list_6fc15197" spirit:order="3">32</spirit:value>
      <spirit:vendorExtensions>
        <xilinx:parameterInfo>
          <xilinx:enablement>
            <xilinx:isEnabled xilinx:id="PARAM_ENABLEMENT.C_S00_AXI_DATA_WIDTH">false</xilinx:isEnabled>
          </xilinx:enablement>
        </xilinx:parameterInfo>
      </spirit:vendorExtensions>
    </spirit:parameter>
    <spirit:parameter>
      <spirit:name>C_S00_AXI_ADDR_WIDTH</spirit:name>
      <spirit:displayName>C S00 AXI ADDR WIDTH</spirit:displayName>
      <spirit:description>Width of S_AXI address bus</spirit:description>
      <spirit:value spirit:format="long" spirit:resolve="user" spirit:id="PARAM_VALUE.C_S00_AXI_ADDR_WIDTH" spirit:order="4" spirit:rangeType="long">4</spirit:value>
      <spirit:vendorExtensions>
        <xilinx:parameterInfo>
          <xilinx:enablement>
            <xilinx:isEnabled xilinx:id="PARAM_ENABLEMENT.C_S00_AXI_ADDR_WIDTH">false</xilinx:isEnabled>
          </xilinx:enablement>
        </xilinx:parameterInfo>
      </spirit:vendorExtensions>
    </spirit:parameter>
    <spirit:parameter>
      <spirit:name>C_S00_AXI_BASEADDR</spirit:name>
      <spirit:displayName>C S00 AXI BASEADDR</spirit:displayName>
      <spirit:value spirit:format="bitString" spirit:resolve="user" spirit:id="PARAM_VALUE.C_S00_AXI_BASEADDR" spirit:order="5" spirit:bitStringLength="32">0xFFFFFFFF</spirit:value>
      <spirit:vendorExtensions>
        <xilinx:parameterInfo>
          <xilinx:enablement>
            <xilinx:isEnabled xilinx:id="PARAM_ENABLEMENT.C_S00_AXI_BASEADDR">false</xilinx:isEnabled>
          </xilinx:enablement>
        </xilinx:parameterInfo>
      </spirit:vendorExtensions>
    </spirit:parameter>
    <spirit:parameter>
      <spirit:name>C_S00_AXI_HIGHADDR</spirit:name>
      <spirit:displayName>C S00 AXI HIGHADDR</spirit:displayName>
      <spirit:value spirit:format="bitString" spirit:resolve="user" spirit:id="PARAM_VALUE.C_S00_AXI_HIGHADDR" spirit:order="6" spirit:bitStringLength="32">0x00000000</spirit:value>
      <spirit:vendorExtensions>
        <xilinx:parameterInfo>
          <xilinx:enablement>
            <xilinx:isEnabled xilinx:id="PARAM_ENABLEMENT.C_S00_AXI_HIGHADDR">false</xilinx:isEnabled>
          </xilinx:enablement>
        </xilinx:parameterInfo>
      </spirit:vendorExtensions>
    </spirit:parameter>
    <spirit:parameter>
      <spirit:name>Component_Name</spirit:name>
      <spirit:value spirit:resolve="user" spirit:id="PARAM_VALUE.Component_Name" spirit:order="1">DA2Pmod_v1_0</spirit:value>
    </spirit:parameter>
  </spirit:parameters>
  <spirit:vendorExtensions>
    <xilinx:coreExtensions>
      <xilinx:supportedFamilies>
        <xilinx:family xilinx:lifeCycle="Pre-Production">zynq</xilinx:family>
      </xilinx:supportedFamilies>
      <xilinx:taxonomies>
        <xilinx:taxonomy>AXI_Peripheral</xilinx:taxonomy>
      </xilinx:taxonomies>
      <xilinx:displayName>DA2Pmod_v1.1</xilinx:displayName>
      <xilinx:coreRevision>6</xilinx:coreRevision>
      <xilinx:coreCreationDateTime>2019-02-18T00:36:55Z</xilinx:coreCreationDateTime>
      <xilinx:tags>
        <xilinx:tag xilinx:name="ui.data.coregen.dd@77f1304f_ARCHIVE_LOCATION">c:/zynq_Pmod_ED/ip_repo/DA2Pmod_1.0</xilinx:tag>
        <xilinx:tag xilinx:name="ui.data.coregen.dd@5765599e_ARCHIVE_LOCATION">c:/zynq_Pmod_ED/ip_repo/DA2Pmod_1.0</xilinx:tag>
        <xilinx:tag xilinx:name="ui.data.coregen.dd@6cb55ded_ARCHIVE_LOCATION">c:/zynq_Pmod_ED/ip_repo/DA2Pmod_1.0</xilinx:tag>
        <xilinx:tag xilinx:name="ui.data.coregen.dd@7894f8f1_ARCHIVE_LOCATION">c:/zynq_Pmod_ED/ip_repo/DA2Pmod_1.0</xilinx:tag>
        <xilinx:tag xilinx:name="ui.data.coregen.dd@659bee53_ARCHIVE_LOCATION">c:/zynq_Pmod_ED/ip_repo/DA2Pmod_1.0</xilinx:tag>
        <xilinx:tag xilinx:name="ui.data.coregen.dd@c08c80f_ARCHIVE_LOCATION">c:/zynq_Pmod_ED/ip_repo/DA2Pmod_1.0</xilinx:tag>
        <xilinx:tag xilinx:name="ui.data.coregen.dd@10c4560e_ARCHIVE_LOCATION">c:/zynq_Pmod_ED/ip_repo/DA2Pmod_1.0</xilinx:tag>
        <xilinx:tag xilinx:name="ui.data.coregen.dd@32d2c3d5_ARCHIVE_LOCATION">c:/zynq_Pmod_ED/ip_repo/DA2Pmod_1.0</xilinx:tag>
        <xilinx:tag xilinx:name="ui.data.coregen.dd@17fdc9b8_ARCHIVE_LOCATION">c:/zynq_Pmod_ED/ip_repo/DA2Pmod_1.0</xilinx:tag>
        <xilinx:tag xilinx:name="ui.data.coregen.dd@2c2bcf75_ARCHIVE_LOCATION">c:/zynq_Pmod_ED/ip_repo/DA2Pmod_1.0</xilinx:tag>
        <xilinx:tag xilinx:name="ui.data.coregen.dd@b238fb5_ARCHIVE_LOCATION">c:/zynq_Pmod_ED/ip_repo/DA2Pmod_1.0</xilinx:tag>
        <xilinx:tag xilinx:name="ui.data.coregen.dd@15236a0f_ARCHIVE_LOCATION">c:/zynq_Pmod_ED/ip_repo/DA2Pmod_1.0</xilinx:tag>
        <xilinx:tag xilinx:name="ui.data.coregen.dd@755b506d_ARCHIVE_LOCATION">c:/zynq_Pmod_ED/ip_repo/DA2Pmod_1.0</xilinx:tag>
        <xilinx:tag xilinx:name="ui.data.coregen.dd@370c7d04_ARCHIVE_LOCATION">c:/zynq_Pmod_ED/ip_repo/DA2Pmod_1.0</xilinx:tag>
        <xilinx:tag xilinx:name="ui.data.coregen.dd@4810c90e_ARCHIVE_LOCATION">c:/zynq_Pmod_ED/ip_repo/DA2Pmod_1.0</xilinx:tag>
        <xilinx:tag xilinx:name="ui.data.coregen.dd@333c72a6_ARCHIVE_LOCATION">c:/zynq_Pmod_ED/ip_repo/DA2Pmod_1.0</xilinx:tag>
        <xilinx:tag xilinx:name="ui.data.coregen.dd@1f551c57_ARCHIVE_LOCATION">c:/zynq_Pmod_ED/ip_repo/DA2Pmod_1.0</xilinx:tag>
        <xilinx:tag xilinx:name="ui.data.coregen.dd@3024b582_ARCHIVE_LOCATION">c:/zynq_Pmod_ED/ip_repo/DA2Pmod_1.0</xilinx:tag>
        <xilinx:tag xilinx:name="ui.data.coregen.dd@24d65887_ARCHIVE_LOCATION">c:/zynq_Pmod_ED/ip_repo/DA2Pmod_1.0</xilinx:tag>
        <xilinx:tag xilinx:name="ui.data.coregen.dd@6a30d284_ARCHIVE_LOCATION">c:/zynq_Pmod_ED/ip_repo/DA2Pmod_1.0</xilinx:tag>
        <xilinx:tag xilinx:name="ui.data.coregen.dd@e33ac72_ARCHIVE_LOCATION">c:/zynq_Pmod_ED/ip_repo/DA2Pmod_1.0</xilinx:tag>
        <xilinx:tag xilinx:name="ui.data.coregen.dd@60fe4cb7_ARCHIVE_LOCATION">c:/zynq_Pmod_ED/ip_repo/DA2Pmod_1.0</xilinx:tag>
        <xilinx:tag xilinx:name="ui.data.coregen.dd@3ee6ee7_ARCHIVE_LOCATION">c:/zynq_Pmod_ED/ip_repo/DA2Pmod_1.0</xilinx:tag>
        <xilinx:tag xilinx:name="ui.data.coregen.dd@43910997_ARCHIVE_LOCATION">c:/zynq_Pmod_ED/ip_repo/DA2Pmod_1.0</xilinx:tag>
        <xilinx:tag xilinx:name="ui.data.coregen.dd@48873e22_ARCHIVE_LOCATION">c:/zynq_Pmod_ED/ip_repo/DA2Pmod_1.0</xilinx:tag>
        <xilinx:tag xilinx:name="ui.data.coregen.dd@6f3b79e6_ARCHIVE_LOCATION">c:/zynq_Pmod_ED/ip_repo/DA2Pmod_1.0</xilinx:tag>
        <xilinx:tag xilinx:name="ui.data.coregen.dd@62e23071_ARCHIVE_LOCATION">c:/zynq_Pmod_ED/ip_repo/DA2Pmod_1.0</xilinx:tag>
        <xilinx:tag xilinx:name="ui.data.coregen.dd@6c9cedae_ARCHIVE_LOCATION">c:/zynq_Pmod_ED/ip_repo/DA2Pmod_1.0</xilinx:tag>
        <xilinx:tag xilinx:name="ui.data.coregen.dd@1de8c101_ARCHIVE_LOCATION">c:/zynq_Pmod_ED/ip_repo/DA2Pmod_1.0</xilinx:tag>
        <xilinx:tag xilinx:name="ui.data.coregen.dd@6375a2ea_ARCHIVE_LOCATION">c:/zynq_Pmod_ED/ip_repo/DA2Pmod_1.0</xilinx:tag>
        <xilinx:tag xilinx:name="ui.data.coregen.dd@2686c1e9_ARCHIVE_LOCATION">c:/zynq_Pmod_ED/ip_repo/DA2Pmod_1.0</xilinx:tag>
        <xilinx:tag xilinx:name="ui.data.coregen.dd@22afc10d_ARCHIVE_LOCATION">c:/zynq_Pmod_ED/ip_repo/DA2Pmod_1.0</xilinx:tag>
        <xilinx:tag xilinx:name="ui.data.coregen.dd@5d204c3a_ARCHIVE_LOCATION">c:/zynq_Pmod_ED/ip_repo/DA2Pmod_1.0</xilinx:tag>
        <xilinx:tag xilinx:name="ui.data.coregen.dd@a8fb86_ARCHIVE_LOCATION">c:/zynq_Pmod_ED/ip_repo/DA2Pmod_1.0</xilinx:tag>
        <xilinx:tag xilinx:name="ui.data.coregen.dd@536313b1_ARCHIVE_LOCATION">c:/zynq_Pmod_ED/ip_repo/DA2Pmod_1.0</xilinx:tag>
        <xilinx:tag xilinx:name="ui.data.coregen.dd@618359b8_ARCHIVE_LOCATION">c:/zynq_Pmod_ED/ip_repo/DA2Pmod_1.0</xilinx:tag>
        <xilinx:tag xilinx:name="ui.data.coregen.dd@50927007_ARCHIVE_LOCATION">c:/zynq_Pmod_ED/ip_repo/DA2Pmod_1.0</xilinx:tag>
        <xilinx:tag xilinx:name="ui.data.coregen.dd@4db3aa2c_ARCHIVE_LOCATION">c:/zynq_Pmod_ED/ip_repo/DA2Pmod_1.0</xilinx:tag>
        <xilinx:tag xilinx:name="ui.data.coregen.dd@596fdb5b_ARCHIVE_LOCATION">c:/zynq_Pmod_ED/ip_repo/DA2Pmod_1.0</xilinx:tag>
        <xilinx:tag xilinx:name="ui.data.coregen.dd@26e83181_ARCHIVE_LOCATION">c:/zynq_Pmod_ED/ip_repo/DA2Pmod_1.0</xilinx:tag>
        <xilinx:tag xilinx:name="ui.data.coregen.dd@65c313fa_ARCHIVE_LOCATION">c:/zynq_Pmod_ED/ip_repo/DA2Pmod_1.0</xilinx:tag>
        <xilinx:tag xilinx:name="ui.data.coregen.dd@1180e325_ARCHIVE_LOCATION">c:/zynq_Pmod_ED/ip_repo/DA2Pmod_1.0</xilinx:tag>
        <xilinx:tag xilinx:name="ui.data.coregen.dd@308187d0_ARCHIVE_LOCATION">c:/zynq_Pmod_ED/ip_repo/DA2Pmod_1.0</xilinx:tag>
        <xilinx:tag xilinx:name="ui.data.coregen.dd@22b22ab_ARCHIVE_LOCATION">c:/zynq_Pmod_ED/ip_repo/DA2Pmod_1.0</xilinx:tag>
        <xilinx:tag xilinx:name="ui.data.coregen.dd@4d77c65e_ARCHIVE_LOCATION">c:/zynq_Pmod_ED/ip_repo/DA2Pmod_1.0</xilinx:tag>
        <xilinx:tag xilinx:name="ui.data.coregen.dd@6e9e186e_ARCHIVE_LOCATION">c:/zynq_Pmod_ED/ip_repo/DA2Pmod_1.0</xilinx:tag>
        <xilinx:tag xilinx:name="ui.data.coregen.dd@5b5e133c_ARCHIVE_LOCATION">c:/zynq_Pmod_ED/ip_repo/DA2Pmod_1.0</xilinx:tag>
        <xilinx:tag xilinx:name="ui.data.coregen.dd@7e33754c_ARCHIVE_LOCATION">c:/zynq_Pmod_ED/ip_repo/DA2Pmod_1.0</xilinx:tag>
        <xilinx:tag xilinx:name="ui.data.coregen.dd@63a899ff_ARCHIVE_LOCATION">c:/zynq_Pmod_ED/ip_repo/DA2Pmod_1.0</xilinx:tag>
        <xilinx:tag xilinx:name="ui.data.coregen.dd@3fa2e745_ARCHIVE_LOCATION">c:/zynq_Pmod_ED/ip_repo/DA2Pmod_1.0</xilinx:tag>
        <xilinx:tag xilinx:name="ui.data.coregen.dd@11725c1d_ARCHIVE_LOCATION">c:/zynq_Pmod_ED/ip_repo/DA2Pmod_1.0</xilinx:tag>
        <xilinx:tag xilinx:name="ui.data.coregen.dd@4d580a0a_ARCHIVE_LOCATION">c:/zynq_Pmod_ED/ip_repo/DA2Pmod_1.0</xilinx:tag>
        <xilinx:tag xilinx:name="ui.data.coregen.dd@e618dbc_ARCHIVE_LOCATION">c:/zynq_Pmod_ED/ip_repo/DA2Pmod_1.0</xilinx:tag>
        <xilinx:tag xilinx:name="ui.data.coregen.dd@d622aff_ARCHIVE_LOCATION">c:/zynq_Pmod_ED/ip_repo/DA2Pmod_1.0</xilinx:tag>
        <xilinx:tag xilinx:name="ui.data.coregen.dd@29c749ae_ARCHIVE_LOCATION">c:/zynq_Pmod_ED/ip_repo/DA2Pmod_1.0</xilinx:tag>
        <xilinx:tag xilinx:name="ui.data.coregen.dd@6927c1bb_ARCHIVE_LOCATION">c:/zynq_Pmod_ED/ip_repo/DA2Pmod_1.0</xilinx:tag>
        <xilinx:tag xilinx:name="ui.data.coregen.dd@5caba05c_ARCHIVE_LOCATION">c:/zynq_Pmod_ED/ip_repo/DA2Pmod_1.0</xilinx:tag>
        <xilinx:tag xilinx:name="ui.data.coregen.dd@549a6478_ARCHIVE_LOCATION">c:/zynq_Pmod_ED/ip_repo/DA2Pmod_1.0</xilinx:tag>
        <xilinx:tag xilinx:name="ui.data.coregen.dd@56ff8d41_ARCHIVE_LOCATION">c:/zynq_Pmod_ED/ip_repo/DA2Pmod_1.0</xilinx:tag>
        <xilinx:tag xilinx:name="ui.data.coregen.dd@677e6794_ARCHIVE_LOCATION">c:/zynq_Pmod_ED/ip_repo/DA2Pmod_1.0</xilinx:tag>
        <xilinx:tag xilinx:name="ui.data.coregen.dd@7329670c_ARCHIVE_LOCATION">c:/zynq_Pmod_ED/ip_repo/DA2Pmod_1.0</xilinx:tag>
        <xilinx:tag xilinx:name="ui.data.coregen.dd@5c82962c_ARCHIVE_LOCATION">c:/zynq_Pmod_ED/ip_repo/DA2Pmod_1.0</xilinx:tag>
        <xilinx:tag xilinx:name="ui.data.coregen.dd@10343d26_ARCHIVE_LOCATION">c:/zynq_Pmod_ED/ip_repo/DA2Pmod_1.0</xilinx:tag>
        <xilinx:tag xilinx:name="ui.data.coregen.dd@491198df_ARCHIVE_LOCATION">c:/zynq_Pmod_ED/ip_repo/DA2Pmod_1.0</xilinx:tag>
        <xilinx:tag xilinx:name="ui.data.coregen.dd@56e02188_ARCHIVE_LOCATION">c:/zynq_Pmod_ED/ip_repo/DA2Pmod_1.0</xilinx:tag>
        <xilinx:tag xilinx:name="ui.data.coregen.dd@59062d6b_ARCHIVE_LOCATION">c:/zynq_Pmod_ED/ip_repo/DA2Pmod_1.0</xilinx:tag>
        <xilinx:tag xilinx:name="ui.data.coregen.dd@75638d29_ARCHIVE_LOCATION">c:/zynq_Pmod_ED/ip_repo/DA2Pmod_1.0</xilinx:tag>
        <xilinx:tag xilinx:name="ui.data.coregen.dd@280ab6ea_ARCHIVE_LOCATION">c:/zynq_Pmod_ED/ip_repo/DA2Pmod_1.0</xilinx:tag>
        <xilinx:tag xilinx:name="ui.data.coregen.dd@dfaf877_ARCHIVE_LOCATION">c:/zynq_Pmod_ED/ip_repo/DA2Pmod_1.0</xilinx:tag>
        <xilinx:tag xilinx:name="ui.data.coregen.dd@25a75a59_ARCHIVE_LOCATION">c:/zynq_Pmod_ED/ip_repo/DA2Pmod_1.0</xilinx:tag>
        <xilinx:tag xilinx:name="ui.data.coregen.dd@25490d37_ARCHIVE_LOCATION">c:/zynq_Pmod_ED/ip_repo/DA2Pmod_1.0</xilinx:tag>
        <xilinx:tag xilinx:name="ui.data.coregen.dd@409ab4ea_ARCHIVE_LOCATION">c:/zynq_Pmod_ED/ip_repo/DA2Pmod_1.0</xilinx:tag>
        <xilinx:tag xilinx:name="ui.data.coregen.dd@7698aa6f_ARCHIVE_LOCATION">c:/zynq_Pmod_ED/ip_repo/DA2Pmod_1.0</xilinx:tag>
        <xilinx:tag xilinx:name="ui.data.coregen.dd@ac1bcbb_ARCHIVE_LOCATION">c:/zynq_Pmod_ED/ip_repo/DA2Pmod_1.0</xilinx:tag>
        <xilinx:tag xilinx:name="ui.data.coregen.dd@5bb53661_ARCHIVE_LOCATION">c:/zynq_Pmod_ED/ip_repo/DA2Pmod_1.0</xilinx:tag>
        <xilinx:tag xilinx:name="ui.data.coregen.dd@58185d35_ARCHIVE_LOCATION">c:/zynq_Pmod_ED/ip_repo/DA2Pmod_1.0</xilinx:tag>
        <xilinx:tag xilinx:name="ui.data.coregen.dd@54e9ff49_ARCHIVE_LOCATION">c:/zynq_Pmod_ED/ip_repo/DA2Pmod_1.0</xilinx:tag>
        <xilinx:tag xilinx:name="ui.data.coregen.dd@662d7c20_ARCHIVE_LOCATION">c:/zynq_Pmod_ED/ip_repo/DA2Pmod_1.0</xilinx:tag>
        <xilinx:tag xilinx:name="ui.data.coregen.dd@25ae70ea_ARCHIVE_LOCATION">c:/zynq_Pmod_ED/ip_repo/DA2Pmod_1.0</xilinx:tag>
        <xilinx:tag xilinx:name="ui.data.coregen.dd@1ee42378_ARCHIVE_LOCATION">c:/zynq_Pmod_ED/ip_repo/DA2Pmod_1.0</xilinx:tag>
        <xilinx:tag xilinx:name="ui.data.coregen.dd@27b0fdaf_ARCHIVE_LOCATION">c:/zynq_Pmod_ED/ip_repo/DA2Pmod_1.0</xilinx:tag>
        <xilinx:tag xilinx:name="ui.data.coregen.dd@57b2932b_ARCHIVE_LOCATION">c:/zynq_Pmod_ED/ip_repo/DA2Pmod_1.0</xilinx:tag>
        <xilinx:tag xilinx:name="ui.data.coregen.dd@5fdf2c10_ARCHIVE_LOCATION">c:/zynq_Pmod_ED/ip_repo/DA2Pmod_1.0</xilinx:tag>
        <xilinx:tag xilinx:name="ui.data.coregen.dd@5107d64c_ARCHIVE_LOCATION">c:/zynq_Pmod_ED/ip_repo/DA2Pmod_1.0</xilinx:tag>
        <xilinx:tag xilinx:name="ui.data.coregen.dd@53146b38_ARCHIVE_LOCATION">c:/zynq_Pmod_ED/ip_repo/DA2Pmod_1.0</xilinx:tag>
        <xilinx:tag xilinx:name="ui.data.coregen.dd@374c13fe_ARCHIVE_LOCATION">c:/zynq_Pmod_ED/ip_repo/DA2Pmod_1.0</xilinx:tag>
        <xilinx:tag xilinx:name="ui.data.coregen.dd@559c3e76_ARCHIVE_LOCATION">c:/zynq_Pmod_ED/ip_repo/DA2Pmod_1.0</xilinx:tag>
      </xilinx:tags>
    </xilinx:coreExtensions>
    <xilinx:packagingInfo>
      <xilinx:xilinxVersion>2018.3</xilinx:xilinxVersion>
      <xilinx:checksum xilinx:scope="busInterfaces" xilinx:value="7a63f3fc"/>
      <xilinx:checksum xilinx:scope="memoryMaps" xilinx:value="ed1368d5"/>
      <xilinx:checksum xilinx:scope="fileGroups" xilinx:value="5e42274a"/>
      <xilinx:checksum xilinx:scope="ports" xilinx:value="d420870a"/>
      <xilinx:checksum xilinx:scope="hdlParameters" xilinx:value="6992ea72"/>
      <xilinx:checksum xilinx:scope="parameters" xilinx:value="32aa7df1"/>
    </xilinx:packagingInfo>
  </spirit:vendorExtensions>
</spirit:component>
